epoch,auc,binary_accuracy,f1_score,loss,val_auc,val_binary_accuracy,val_f1_score,val_loss
0,0.4593750238418579,0.5,0.4374999403953552,0.8332926630973816,0.5,0.5555555820465088,0.0,0.7425282597541809
1,0.676562488079071,0.6111111044883728,0.363636314868927,0.7236289978027344,0.7222222089767456,0.5555555820465088,0.333333283662796,0.7139866352081299
2,0.9031250476837158,0.8055555820465088,0.787878692150116,0.46560028195381165,0.277777761220932,0.3333333432674408,0.0,0.819341242313385
3,0.909375011920929,0.8055555820465088,0.7999998927116394,0.42037421464920044,0.3333333432674408,0.6666666865348816,0.0,0.7222274541854858
4,0.9624999761581421,0.8888888955116272,0.8666665554046631,0.36366337537765503,0.6111111044883728,0.6666666865348816,0.0,0.6314078569412231
5,0.996874988079071,0.9722222089767456,0.967741847038269,0.3096868693828583,0.4444444179534912,0.5555555820465088,0.0,0.6997410655021667
6,1.0,1.0,1.0,0.2496814727783203,0.3888888955116272,0.5555555820465088,0.333333283662796,0.8087838292121887
7,0.9984375238418579,0.9722222089767456,0.967741847038269,0.23725038766860962,0.4444444179534912,0.5555555820465088,0.333333283662796,0.7139359712600708
